-- MySQL dump 10.13  Distrib 5.7.41, for Linux (x86_64)
--
-- Host: localhost    Database: scott
-- ------------------------------------------------------
-- Server version	5.7.41

/*!40101 SET @OLD_CHARACTER_SET_CLIENT=@@CHARACTER_SET_CLIENT */;
/*!40101 SET @OLD_CHARACTER_SET_RESULTS=@@CHARACTER_SET_RESULTS */;
/*!40101 SET @OLD_COLLATION_CONNECTION=@@COLLATION_CONNECTION */;
/*!40101 SET NAMES utf8 */;
/*!40103 SET @OLD_TIME_ZONE=@@TIME_ZONE */;
/*!40103 SET TIME_ZONE='+00:00' */;
/*!40014 SET @OLD_UNIQUE_CHECKS=@@UNIQUE_CHECKS, UNIQUE_CHECKS=0 */;
/*!40014 SET @OLD_FOREIGN_KEY_CHECKS=@@FOREIGN_KEY_CHECKS, FOREIGN_KEY_CHECKS=0 */;
/*!40101 SET @OLD_SQL_MODE=@@SQL_MODE, SQL_MODE='NO_AUTO_VALUE_ON_ZERO' */;
/*!40111 SET @OLD_SQL_NOTES=@@SQL_NOTES, SQL_NOTES=0 */;

--
-- Current Database: `scott`
--

CREATE DATABASE /*!32312 IF NOT EXISTS*/ `scott` /*!40100 DEFAULT CHARACTER SET utf8 */;

USE `scott`;

--
-- Table structure for table `dept`
--

DROP TABLE IF EXISTS `dept`;
/*!40101 SET @saved_cs_client     = @@character_set_client */;
/*!40101 SET character_set_client = utf8 */;
CREATE TABLE `dept` (
  `deptno` int(2) unsigned zerofill NOT NULL COMMENT '部门编号',
  `dname` varchar(14) DEFAULT NULL COMMENT '部门名称',
  `loc` varchar(13) DEFAULT NULL COMMENT '部门所在地点'
) ENGINE=InnoDB DEFAULT CHARSET=utf8;
/*!40101 SET character_set_client = @saved_cs_client */;

--
-- Dumping data for table `dept`
--

LOCK TABLES `dept` WRITE;
/*!40000 ALTER TABLE `dept` DISABLE KEYS */;
INSERT INTO `dept` VALUES (10,'ACCOUNTING','NEW YORK'),(20,'RESEARCH','DALLAS'),(30,'SALES','CHICAGO'),(40,'OPERATIONS','BOSTON');
/*!40000 ALTER TABLE `dept` ENABLE KEYS */;
UNLOCK TABLES;

--
-- Table structure for table `emp`
--

DROP TABLE IF EXISTS `emp`;
/*!40101 SET @saved_cs_client     = @@character_set_client */;
/*!40101 SET character_set_client = utf8 */;
CREATE TABLE `emp` (
  `empno` int(6) unsigned zerofill NOT NULL COMMENT '雇员编号',
  `ename` varchar(10) DEFAULT NULL COMMENT '雇员姓名',
  `job` varchar(9) DEFAULT NULL COMMENT '雇员职位',
  `mgr` int(4) unsigned zerofill DEFAULT NULL COMMENT '雇员领导编号',
  `hiredate` datetime DEFAULT NULL COMMENT '雇佣时间',
  `sal` decimal(7,2) DEFAULT NULL COMMENT '工资月薪',
  `comm` decimal(7,2) DEFAULT NULL COMMENT '奖金',
  `deptno` int(2) unsigned zerofill DEFAULT NULL COMMENT '部门编号'
) ENGINE=InnoDB DEFAULT CHARSET=utf8;
/*!40101 SET character_set_client = @saved_cs_client */;

--
-- Dumping data for table `emp`
--

LOCK TABLES `emp` WRITE;
/*!40000 ALTER TABLE `emp` DISABLE KEYS */;
INSERT INTO `emp` VALUES (007369,'SMITH','CLERK',7902,'1980-12-17 00:00:00',800.00,NULL,20),(007499,'ALLEN','SALESMAN',7698,'1981-02-20 00:00:00',1600.00,300.00,30),(007521,'WARD','SALESMAN',7698,'1981-02-22 00:00:00',1250.00,500.00,30),(007566,'JONES','MANAGER',7839,'1981-04-02 00:00:00',2975.00,NULL,20),(007654,'MARTIN','SALESMAN',7698,'1981-09-28 00:00:00',1250.00,1400.00,30),(007698,'BLAKE','MANAGER',7839,'1981-05-01 00:00:00',2850.00,NULL,30),(007782,'CLARK','MANAGER',7839,'1981-06-09 00:00:00',2450.00,NULL,10),(007788,'SCOTT','ANALYST',7566,'1987-04-19 00:00:00',3000.00,NULL,20),(007839,'KING','PRESIDENT',NULL,'1981-11-17 00:00:00',5000.00,NULL,10),(007844,'TURNER','SALESMAN',7698,'1981-09-08 00:00:00',1500.00,0.00,30),(007876,'ADAMS','CLERK',7788,'1987-05-23 00:00:00',1100.00,NULL,20),(007900,'JAMES','CLERK',7698,'1981-12-03 00:00:00',950.00,NULL,30),(007902,'FORD','ANALYST',7566,'1981-12-03 00:00:00',3000.00,NULL,20),(007934,'MILLER','CLERK',7782,'1982-01-23 00:00:00',1300.00,NULL,10);
/*!40000 ALTER TABLE `emp` ENABLE KEYS */;
UNLOCK TABLES;

--
-- Table structure for table `salgrade`
--

DROP TABLE IF EXISTS `salgrade`;
/*!40101 SET @saved_cs_client     = @@character_set_client */;
/*!40101 SET character_set_client = utf8 */;
CREATE TABLE `salgrade` (
  `grade` int(11) DEFAULT NULL COMMENT '等级',
  `losal` int(11) DEFAULT NULL COMMENT '此等级最低工资',
  `hisal` int(11) DEFAULT NULL COMMENT '此等级最高工资'
) ENGINE=InnoDB DEFAULT CHARSET=utf8;
/*!40101 SET character_set_client = @saved_cs_client */;

--
-- Dumping data for table `salgrade`
--

LOCK TABLES `salgrade` WRITE;
/*!40000 ALTER TABLE `salgrade` DISABLE KEYS */;
INSERT INTO `salgrade` VALUES (1,700,1200),(2,1201,1400),(3,1401,2000),(4,2001,3000),(5,3001,9999);
/*!40000 ALTER TABLE `salgrade` ENABLE KEYS */;
UNLOCK TABLES;
/*!40103 SET TIME_ZONE=@OLD_TIME_ZONE */;

/*!40101 SET SQL_MODE=@OLD_SQL_MODE */;
/*!40014 SET FOREIGN_KEY_CHECKS=@OLD_FOREIGN_KEY_CHECKS */;
/*!40014 SET UNIQUE_CHECKS=@OLD_UNIQUE_CHECKS */;
/*!40101 SET CHARACTER_SET_CLIENT=@OLD_CHARACTER_SET_CLIENT */;
/*!40101 SET CHARACTER_SET_RESULTS=@OLD_CHARACTER_SET_RESULTS */;
/*!40101 SET COLLATION_CONNECTION=@OLD_COLLATION_CONNECTION */;
/*!40111 SET SQL_NOTES=@OLD_SQL_NOTES */;

-- Dump completed on 2023-04-21  0:00:26
